link,
https://youtu.be/qBT9QIqI9hc?si=GrM9tnifLjP4apYu,
https://youtu.be/6q-2grzfu8Y?si=hiKvNXmRgY8n_lkK,
https://youtu.be/GgmUFUjAPxU?si=pqQZhkIGAohhGonc,
https://youtu.be/oGYNHL583u8?si=uOLfX8PwQ0kR21fg,
https://youtu.be/5bXJjBGNyPw?si=JhRB8zu3XWGPmI3u,
https://youtu.be/RDddNbm1WfI?si=kKAJIvWmxgWEBR4T,
https://youtu.be/AUtRo2va3pg?si=vQmEEVb2tbUUG44F,
https://youtu.be/M9O69Jo7vVY?si=HLeZc61fJwf6Bq68,
https://youtu.be/uPETHTb69E8?si=L6IFXFgPuR5527EI,
https://youtu.be/D0tJ9fonOpA?si=Bs-fd7ygOJjzUF3Q,