label / lang,en,es,fr,ja,ko,pt,ar
navRecord,Record,Registro,Enregistrement,記録,기록,Registro,سجل
@navRecord,"{""description"": ""바텀 네비게이션바 몸무게 기록 탭 라벨""}","{""description"": ""바텀 네비게이션바 몸무게 기록 탭 라벨""}","{""description"": ""바텀 네비게이션바 몸무게 기록 탭 라벨""}","{""description"": ""바텀 네비게이션바 몸무게 기록 탭 라벨""}","{""description"": ""바텀 네비게이션바 몸무게 기록 탭 라벨""}","{""description"": ""바텀 네비게이션바 몸무게 기록 탭 라벨""}","{""description"": ""바텀 네비게이션바 몸무게 기록 탭 라벨""}"
navCalendar,Calendar,Calendario,Calendrier,カレンダー,캘린더,Calendário,التقويم
@navCalendar,"{""description"": ""바텀 네비게이션바 달력 탭 라벨""}","{""description"": ""바텀 네비게이션바 달력 탭 라벨""}","{""description"": ""바텀 네비게이션바 달력 탭 라벨""}","{""description"": ""바텀 네비게이션바 달력 탭 라벨""}","{""description"": ""바텀 네비게이션바 달력 탭 라벨""}","{""description"": ""바텀 네비게이션바 달력 탭 라벨""}","{""description"": ""바텀 네비게이션바 달력 탭 라벨""}"
navStatistics,Statistics,Estadísticas,Statistiques,統計,통계,Estatísticas,الإحصاءات
@navStatistics,"{""description"": ""바텀 네비게이션바 통계 탭 라벨""}","{""description"": ""바텀 네비게이션바 통계 탭 라벨""}","{""description"": ""바텀 네비게이션바 통계 탭 라벨""}","{""description"": ""바텀 네비게이션바 통계 탭 라벨""}","{""description"": ""바텀 네비게이션바 통계 탭 라벨""}","{""description"": ""바텀 네비게이션바 통계 탭 라벨""}","{""description"": ""바텀 네비게이션바 통계 탭 라벨""}"
navSettings,Settings,Configuración,Paramètres,設定,설정,Configuração,الإعدادات
@navSettings,"{""description"": ""바텀 네비게이션바 설정 탭 라벨""}","{""description"": ""바텀 네비게이션바 설정 탭 라벨""}","{""description"": ""바텀 네비게이션바 설정 탭 라벨""}","{""description"": ""바텀 네비게이션바 설정 탭 라벨""}","{""description"": ""바텀 네비게이션바 설정 탭 라벨""}","{""description"": ""바텀 네비게이션바 설정 탭 라벨""}","{""description"": ""바텀 네비게이션바 설정 탭 라벨""}"
labelDialogCancel,Cancel,Cancelar,Annuler,キャンセル,취소,Cancelar,إلغاء
@labelDialogCancel,"{""description"": ""다이얼로그 취소 동작 버튼 라벨""}","{""description"": ""다이얼로그 취소 동작 버튼 라벨""}","{""description"": ""다이얼로그 취소 동작 버튼 라벨""}","{""description"": ""다이얼로그 취소 동작 버튼 라벨""}","{""description"": ""다이얼로그 취소 동작 버튼 라벨""}","{""description"": ""다이얼로그 취소 동작 버튼 라벨""}","{""description"": ""다이얼로그 취소 동작 버튼 라벨""}"
labelDialogClose,Close,Cerrar,Fermer,閉じる,닫기,Fechar,إغلاق
@labelDialogClose,"{""description"": ""다이얼로그 닫기 동작 버튼 라벨""}","{""description"": ""다이얼로그 닫기 동작 버튼 라벨""}","{""description"": ""다이얼로그 닫기 동작 버튼 라벨""}","{""description"": ""다이얼로그 닫기 동작 버튼 라벨""}","{""description"": ""다이얼로그 닫기 동작 버튼 라벨""}","{""description"": ""다이얼로그 닫기 동작 버튼 라벨""}","{""description"": ""다이얼로그 닫기 동작 버튼 라벨""}"
labelDialogConfirm,Confirm,Confirmar,Confirmer,確定,확인,Confirmar,تأكيد
@labelDialogConfirm,"{""description"": ""다이얼로그 확인 동작 버튼 라벨""}","{""description"": ""다이얼로그 확인 동작 버튼 라벨""}","{""description"": ""다이얼로그 확인 동작 버튼 라벨""}","{""description"": ""다이얼로그 확인 동작 버튼 라벨""}","{""description"": ""다이얼로그 확인 동작 버튼 라벨""}","{""description"": ""다이얼로그 확인 동작 버튼 라벨""}","{""description"": ""다이얼로그 확인 동작 버튼 라벨""}"
titleDialogNetworkError,Network Error,Error de red,Erreur réseau,ネットワークエラー,네트워크 에러,Erro de Rede,خطأ في الشبكة
@titleDialogNetworkError,"{""description"": ""네트워크 에러 다이얼로그 타이틀""}","{""description"": ""네트워크 에러 다이얼로그 타이틀""}","{""description"": ""네트워크 에러 다이얼로그 타이틀""}","{""description"": ""네트워크 에러 다이얼로그 타이틀""}","{""description"": ""네트워크 에러 다이얼로그 타이틀""}","{""description"": ""네트워크 에러 다이얼로그 타이틀""}","{""description"": ""네트워크 에러 다이얼로그 타이틀""}"
contentDialogNetworkError,Failed to connect to the server. Please check your network connection and try again.,"No se pudo conectar con el servidor. Por favor, revise su conexión de red e intente nuevamente.",Impossible de se connecter au serveur. Veuillez vérifier votre connexion réseau et réessayer.,サーバーに接続できませんでした。ネットワーク接続を確認して再試行してください。,서버에 연결하지 못했어요. 네트워크 연결을 확인하고 다시 시도하세요.,Falha ao conectar ao servidor. Verifique sua conexão de rede e tente novamente.,فشل في الاتصال بالخادم. يرجى التحقق من اتصالك بالشبكة والمحاولة مرة أخرى.
@contentDialogNetworkError,"{""description"": ""네트워크 에러 다이얼로그 내용""}","{""description"": ""네트워크 에러 다이얼로그 내용""}","{""description"": ""네트워크 에러 다이얼로그 내용""}","{""description"": ""네트워크 에러 다이얼로그 내용""}","{""description"": ""네트워크 에러 다이얼로그 내용""}","{""description"": ""네트워크 에러 다이얼로그 내용""}","{""description"": ""네트워크 에러 다이얼로그 내용""}"
buttonNetworkRetry,Retry,Reintentar,Réessayer,再試行,다시 시도,Tentar Novamente,إعادة المحاولة
@buttonNetworkRetry,"{""description"": ""네트워크 에러 다이얼로그 재시도 버튼 라벨""}","{""description"": ""네트워크 에러 다이얼로그 재시도 버튼 라벨""}","{""description"": ""네트워크 에러 다이얼로그 재시도 버튼 라벨""}","{""description"": ""네트워크 에러 다이얼로그 재시도 버튼 라벨""}","{""description"": ""네트워크 에러 다이얼로그 재시도 버튼 라벨""}","{""description"": ""네트워크 에러 다이얼로그 재시도 버튼 라벨""}","{""description"": ""네트워크 에러 다이얼로그 재시도 버튼 라벨""}"
titleWeightDialogInput,Enter Weight,Introducir peso,Saisir le poids,体重設定,몸무게 설정,Introduzir Peso,تحديد الوزن
@titleWeightDialogInput,"{""description"": ""몸무게 설정 다이얼로그 타이틀""}","{""description"": ""몸무게 설정 다이얼로그 타이틀""}","{""description"": ""몸무게 설정 다이얼로그 타이틀""}","{""description"": ""몸무게 설정 다이얼로그 타이틀""}","{""description"": ""몸무게 설정 다이얼로그 타이틀""}","{""description"": ""몸무게 설정 다이얼로그 타이틀""}","{""description"": ""몸무게 설정 다이얼로그 타이틀""}"
labelTextAreaHint,Enter here,Ingrese aquí,Entrez ici,ここに入力,여기에 입력,Digite aqui,أدخل هنا
@labelTextAreaHint,"{""description"": ""텍스트 입력 힌트""}","{""description"": ""텍스트 입력 힌트""}","{""description"": ""텍스트 입력 힌트""}","{""description"": ""텍스트 입력 힌트""}","{""description"": ""텍스트 입력 힌트""}","{""description"": ""텍스트 입력 힌트""}","{""description"": ""텍스트 입력 힌트""}"
labelTextAreaInput,Input,Entrada,Saisir,入力,입력,Entrada,إدخال
@labelTextAreaInput,"{""description"": ""텍스트 입력 라벨""}","{""description"": ""텍스트 입력 라벨""}","{""description"": ""텍스트 입력 라벨""}","{""description"": ""텍스트 입력 라벨""}","{""description"": ""텍스트 입력 라벨""}","{""description"": ""텍스트 입력 라벨""}","{""description"": ""텍스트 입력 라벨""}"
labelRecordNoteHint,Note,Nota,Note,メモ,노트,Nota,ملاحظة
@labelRecordNoteHint,"{""description"": ""몸무게 기록 화면 노트 입력 힌트""}","{""description"": ""몸무게 기록 화면 노트 입력 힌트""}","{""description"": ""몸무게 기록 화면 노트 입력 힌트""}","{""description"": ""몸무게 기록 화면 노트 입력 힌트""}","{""description"": ""몸무게 기록 화면 노트 입력 힌트""}","{""description"": ""몸무게 기록 화면 노트 입력 힌트""}","{""description"": ""몸무게 기록 화면 노트 입력 힌트""}"
buttonRecordSaveWeight,Save,Guardar,Enregistrer,保存,저장,Salvar,حفظ
@buttonRecordSaveWeight,"{""description"": ""몸무게 기록 화면 저장 버튼 라벨""}","{""description"": ""몸무게 기록 화면 저장 버튼 라벨""}","{""description"": ""몸무게 기록 화면 저장 버튼 라벨""}","{""description"": ""몸무게 기록 화면 저장 버튼 라벨""}","{""description"": ""몸무게 기록 화면 저장 버튼 라벨""}","{""description"": ""몸무게 기록 화면 저장 버튼 라벨""}","{""description"": ""몸무게 기록 화면 저장 버튼 라벨""}"
buttonRecordRegistHeight,Register Height,Registrar altura,Enregistrer la taille,身長設定,키 설정,Registrar Altura,تسجيل الطول
@buttonRecordRegistHeight,"{""description"": ""키 설정 버튼 라벨""}","{""description"": ""키 설정 버튼 라벨""}","{""description"": ""키 설정 버튼 라벨""}","{""description"": ""키 설정 버튼 라벨""}","{""description"": ""키 설정 버튼 라벨""}","{""description"": ""키 설정 버튼 라벨""}","{""description"": ""키 설정 버튼 라벨""}"
toastMessageRecordFailedToLoadWeights,Failed to load weight record,Error al cargar los datos de peso,Échec du chargement des données de poids,体重の読み込みに失敗しました,몸무게를 불러오는데 실패했어요,Falha ao carregar dados de peso,فشل في تحميل سجل الوزن
@toastMessageRecordFailedToLoadWeights,"{""description"": ""몸무게 불러오기 실패 토스트 메시지""}","{""description"": ""몸무게 불러오기 실패 토스트 메시지""}","{""description"": ""몸무게 불러오기 실패 토스트 메시지""}","{""description"": ""몸무게 불러오기 실패 토스트 메시지""}","{""description"": ""몸무게 불러오기 실패 토스트 메시지""}","{""description"": ""몸무게 불러오기 실패 토스트 메시지""}","{""description"": ""몸무게 불러오기 실패 토스트 메시지""}"
toastMessageRecordFailedToRegistWeight,Failed to register weight record,Error al registrar el peso,Échec de l'inscription du poids,体重の記録に失敗しました,몸무게를 기록하는데 실패했어요,Falha ao registrar peso,فشل في تسجيل الوزن
@toastMessageRecordFailedToRegistWeight,"{""description"": ""몸무게 기록 실패 토스트 메시지""}","{""description"": ""몸무게 기록 실패 토스트 메시지""}","{""description"": ""몸무게 기록 실패 토스트 메시지""}","{""description"": ""몸무게 기록 실패 토스트 메시지""}","{""description"": ""몸무게 기록 실패 토스트 메시지""}","{""description"": ""몸무게 기록 실패 토스트 메시지""}","{""description"": ""몸무게 기록 실패 토스트 메시지""}"
toastMessageRecordFailedToEditWeight,Failed to edit weight record,Error al editar el peso,Échec de la modification du poids,体重の編集に失敗しました,몸무게를 수정하는데 실패했어요,Falha ao editar peso,فشل في تعديل سجل الوزن
@toastMessageRecordFailedToEditWeight,"{""description"": ""몸무게 수정 실패 토스트 메시지""}","{""description"": ""몸무게 수정 실패 토스트 메시지""}","{""description"": ""몸무게 수정 실패 토스트 메시지""}","{""description"": ""몸무게 수정 실패 토스트 메시지""}","{""description"": ""몸무게 수정 실패 토스트 메시지""}","{""description"": ""몸무게 수정 실패 토스트 메시지""}","{""description"": ""몸무게 수정 실패 토스트 메시지""}"
toastMessageRecordSuccessToRegistWeight,Successfully registered weight record,Peso registrado,Poids enregistré,体重を記録しました,몸무게를 성공적으로 기록했어요,Peso registrado,تم تسجيل الوزن بنجاح
@toastMessageRecordSuccessToRegistWeight,"{""description"": ""몸무게 기록 성공 토스트 메시지""}","{""description"": ""몸무게 기록 성공 토스트 메시지""}","{""description"": ""몸무게 기록 성공 토스트 메시지""}","{""description"": ""몸무게 기록 성공 토스트 메시지""}","{""description"": ""몸무게 기록 성공 토스트 메시지""}","{""description"": ""몸무게 기록 성공 토스트 메시지""}","{""description"": ""몸무게 기록 성공 토스트 메시지""}"
toastMessageRecordSuccessToSaveRecord,Weight record saved successfully,Registro de peso guardado,Données de poids sauvegardées,体重記録を保存しました,몸무게 기록을 저장했어요,Registro de peso salvo,تم حفظ سجل الوزن بنجاح
@toastMessageRecordSuccessToSaveRecord,"{""description"": ""몸무게 기록 저장 성공 토스트 메시지""}","{""description"": ""몸무게 기록 저장 성공 토스트 메시지""}","{""description"": ""몸무게 기록 저장 성공 토스트 메시지""}","{""description"": ""몸무게 기록 저장 성공 토스트 메시지""}","{""description"": ""몸무게 기록 저장 성공 토스트 메시지""}","{""description"": ""몸무게 기록 저장 성공 토스트 메시지""}","{""description"": ""몸무게 기록 저장 성공 토스트 메시지""}"
toastMessageRecordFailedToSaveRecord,Failed to save weight record,Error al guardar el registro de peso,Échec de la sauvegarde des données de poids,体重記録の保存に失敗しました,몸무게 기록 저장에 실패했어요,Falha ao salvar registro de peso,فشل في حفظ سجل الوزن
@toastMessageRecordFailedToSaveRecord,"{""description"": ""몸무게 기록 저장 실패 토스트 메시지""}","{""description"": ""몸무게 기록 저장 실패 토스트 메시지""}","{""description"": ""몸무게 기록 저장 실패 토스트 메시지""}","{""description"": ""몸무게 기록 저장 실패 토스트 메시지""}","{""description"": ""몸무게 기록 저장 실패 토스트 메시지""}","{""description"": ""몸무게 기록 저장 실패 토스트 메시지""}","{""description"": ""몸무게 기록 저장 실패 토스트 메시지""}"
toastMessageRecordSuccessToDeleteRecord,Weight record deleted successfully,Registro de peso eliminado,Données de poids supprimées,体重記録を削除しました,몸무게 기록을 삭제했어요,Registro de peso excluído,تم حذف سجل الوزن بنجاح
@toastMessageRecordSuccessToDeleteRecord,"{""description"": ""몸무게 기록 삭제 성공 토스트 메시지""}","{""description"": ""몸무게 기록 삭제 성공 토스트 메시지""}","{""description"": ""몸무게 기록 삭제 성공 토스트 메시지""}","{""description"": ""몸무게 기록 삭제 성공 토스트 메시지""}","{""description"": ""몸무게 기록 삭제 성공 토스트 메시지""}","{""description"": ""몸무게 기록 삭제 성공 토스트 메시지""}","{""description"": ""몸무게 기록 삭제 성공 토스트 메시지""}"
toastMessageRecordFailedToDeleteRecord,Failed to delete weight record,Error al eliminar el registro de peso,Échec de la suppression des données de poids,体重記録の削除に失敗しました,몸무게 삭제에 실패했어요,Falha ao excluir registro de peso,فشل في حذف سجل الوزن
@toastMessageRecordFailedToDeleteRecord,"{""description"": ""몸무게 기록 삭제 실패 토스트 메시지""}","{""description"": ""몸무게 기록 삭제 실패 토스트 메시지""}","{""description"": ""몸무게 기록 삭제 실패 토스트 메시지""}","{""description"": ""몸무게 기록 삭제 실패 토스트 메시지""}","{""description"": ""몸무게 기록 삭제 실패 토스트 메시지""}","{""description"": ""몸무게 기록 삭제 실패 토스트 메시지""}","{""description"": ""몸무게 기록 삭제 실패 토스트 메시지""}"
toastMessageRecordEnterCorrectFormat,Please enter in the correct format,Ingrese el formato correcto,Veuillez entrer le format correct,正しい形式で入力してください,형식에 맞게 입력해주세요,Insira o formato correto,يرجى إدخال التنسيق الصحيح
@toastMessageRecordEnterCorrectFormat,"{""description"": ""형식에 맞게 입력해주세요 토스트 메시지""}","{""description"": ""형식에 맞게 입력해주세요 토스트 메시지""}","{""description"": ""형식에 맞게 입력해주세요 토스트 메시지""}","{""description"": ""형식에 맞게 입력해주세요 토스트 메시지""}","{""description"": ""형식에 맞게 입력해주세요 토스트 메시지""}","{""description"": ""형식에 맞게 입력해주세요 토스트 메시지""}","{""description"": ""형식에 맞게 입력해주세요 토스트 메시지""}"
toastMessageRecordSuccessToSaveAttachment,Note saved successfully,Nota guardada,Note enregistrée,メモを保存しました,노트를 저장했어요,Nota salva,تم حفظ الملاحظة بنجاح
@toastMessageRecordSuccessToSaveAttachment,"{""description"": ""노트 저장 성공 토스트 메시지""}","{""description"": ""노트 저장 성공 토스트 메시지""}","{""description"": ""노트 저장 성공 토스트 메시지""}","{""description"": ""노트 저장 성공 토스트 메시지""}","{""description"": ""노트 저장 성공 토스트 메시지""}","{""description"": ""노트 저장 성공 토스트 메시지""}","{""description"": ""노트 저장 성공 토스트 메시지""}"
toastMessageRecordFailedToSaveAttachment,Failed to save note,Error al guardar la nota,Échec de l'enregistrement de la note,メモの保存に失敗しました,노트 저장에 실패했어요,Falha ao salvar nota,فشل في حفظ الملاحظة
@toastMessageRecordFailedToSaveAttachment,"{""description"": ""노트 저장 실패 토스트 메시지""}","{""description"": ""노트 저장 실패 토스트 메시지""}","{""description"": ""노트 저장 실패 토스트 메시지""}","{""description"": ""노트 저장 실패 토스트 메시지""}","{""description"": ""노트 저장 실패 토스트 메시지""}","{""description"": ""노트 저장 실패 토스트 메시지""}","{""description"": ""노트 저장 실패 토스트 메시지""}"
toastMessageRecordSuccessToDeleteAttachment,Note deleted successfully,Nota eliminada,Note supprimée,メモを削除しました,노트를 삭제했어요,Nota excluída,تم حذف الملاحظة بنجاح
@toastMessageRecordSuccessToDeleteAttachment,"{""description"": ""노트 삭제 성공 토스트 메시지""}","{""description"": ""노트 삭제 성공 토스트 메시지""}","{""description"": ""노트 삭제 성공 토스트 메시지""}","{""description"": ""노트 삭제 성공 토스트 메시지""}","{""description"": ""노트 삭제 성공 토스트 메시지""}","{""description"": ""노트 삭제 성공 토스트 메시지""}","{""description"": ""노트 삭제 성공 토스트 메시지""}"
toastMessageRecordFailedToDeleteAttachment,Failed to delete note,Error al eliminar la nota,Échec de la suppression de la note,メモの削除に失敗しました,노트를 삭제하는데 실패했어요,Falha ao excluir nota,فشل في حذف الملاحظة
@toastMessageRecordFailedToDeleteAttachment,"{""description"": ""노트 삭제 실패 토스트 메시지""}","{""description"": ""노트 삭제 실패 토스트 메시지""}","{""description"": ""노트 삭제 실패 토스트 메시지""}","{""description"": ""노트 삭제 실패 토스트 메시지""}","{""description"": ""노트 삭제 실패 토스트 메시지""}","{""description"": ""노트 삭제 실패 토스트 메시지""}","{""description"": ""노트 삭제 실패 토스트 메시지""}"
buttonCalendarHeaderToday,Today,Hoy,Aujourd'hui,今日,오늘,Hoje,اليوم
@buttonCalendarHeaderToday,"{""description"": ""달력 헤더 오늘 버튼 라벨""}","{""description"": ""달력 헤더 오늘 버튼 라벨""}","{""description"": ""달력 헤더 오늘 버튼 라벨""}","{""description"": ""달력 헤더 오늘 버튼 라벨""}","{""description"": ""달력 헤더 오늘 버튼 라벨""}","{""description"": ""달력 헤더 오늘 버튼 라벨""}","{""description"": ""달력 헤더 오늘 버튼 라벨""}"
contentStatisticsSincePrevious,Compared to last,Comparado con el anterior,Comparé au dernier,前回の記録と比較して,지난 기록 대비,Comparado com o anterior,منذ التسجيل الأخير
@contentStatisticsSincePrevious,"{""description"": ""지난 기록 대비 30kg 더 많아요, 더 적어요 등 표시""}","{""description"": ""지난 기록 대비 30kg 더 많아요, 더 적어요 등 표시""}","{""description"": ""지난 기록 대비 30kg 더 많아요, 더 적어요 등 표시""}","{""description"": ""지난 기록 대비 30kg 더 많아요, 더 적어요 등 표시""}","{""description"": ""지난 기록 대비 30kg 더 많아요, 더 적어요 등 표시""}","{""description"": ""지난 기록 대비 30kg 더 많아요, 더 적어요 등 표시""}","{""description"": ""지난 기록 대비 30kg 더 많아요, 더 적어요 등 표시""}"
contentStatisticsSinceFirst,Since the beginning,Comparado con el inicial,Comparé au début,初回記録と比較して,최초 기록 대비,Comparado com o inicial,منذ التسجيل الأول
@contentStatisticsSinceFirst,"{""description"": ""최초 기록 대비 30kg 더 많아요, 더 적어요 등 표시""}","{""description"": ""최초 기록 대비 30kg 더 많아요, 더 적어요 등 표시""}","{""description"": ""최초 기록 대비 30kg 더 많아요, 더 적어요 등 표시""}","{""description"": ""최초 기록 대비 30kg 더 많아요, 더 적어요 등 표시""}","{""description"": ""최초 기록 대비 30kg 더 많아요, 더 적어요 등 표시""}","{""description"": ""최초 기록 대비 30kg 더 많아요, 더 적어요 등 표시""}","{""description"": ""최초 기록 대비 30kg 더 많아요, 더 적어요 등 표시""}"
labelStatisticsWeightDiff,Weight Difference,Diferencia de peso,Différence de poids,体重変化,체중 변화,Diferença de peso,اختلاف الوزن
@labelStatisticsWeightDiff,"{""description"": ""통계 화면 체중 변화 라벨""}","{""description"": ""통계 화면 체중 변화 라벨""}","{""description"": ""통계 화면 체중 변화 라벨""}","{""description"": ""통계 화면 체중 변화 라벨""}","{""description"": ""통계 화면 체중 변화 라벨""}","{""description"": ""통계 화면 체중 변화 라벨""}","{""description"": ""통계 화면 체중 변화 라벨""}"
labelTabStatisticsDaily,Daily,Diario,Quotidien,日次,일일,Diário,يومي
@labelTabStatisticsDaily,"{""description"": ""통계 화면 일일 탭 라벨""}","{""description"": ""통계 화면 일일 탭 라벨""}","{""description"": ""통계 화면 일일 탭 라벨""}","{""description"": ""통계 화면 일일 탭 라벨""}","{""description"": ""통계 화면 일일 탭 라벨""}","{""description"": ""통계 화면 일일 탭 라벨""}","{""description"": ""통계 화면 일일 탭 라벨""}"
labelTabStatisticsWeekly,Weekly,Semanal,Hebdomadaire,週次,주간,Semanal,أسبوعي
@labelTabStatisticsWeekly,"{""description"": ""통계 화면 주간 탭 라벨""}","{""description"": ""통계 화면 주간 탭 라벨""}","{""description"": ""통계 화면 주간 탭 라벨""}","{""description"": ""통계 화면 주간 탭 라벨""}","{""description"": ""통계 화면 주간 탭 라벨""}","{""description"": ""통계 화면 주간 탭 라벨""}","{""description"": ""통계 화면 주간 탭 라벨""}"
labelTabStatisticsMonthly,Monthly,Mensual,Mensuel,月次,월간,Mensal,شهري
@labelTabStatisticsMonthly,"{""description"": ""통계 화면 월간 탭 라벨""}","{""description"": ""통계 화면 월간 탭 라벨""}","{""description"": ""통계 화면 월간 탭 라벨""}","{""description"": ""통계 화면 월간 탭 라벨""}","{""description"": ""통계 화면 월간 탭 라벨""}","{""description"": ""통계 화면 월간 탭 라벨""}","{""description"": ""통계 화면 월간 탭 라벨""}"
labelSettingHeight,Enter Height,Introducir altura,Saisir la taille,身長設定,키 설정,Introduzir Altura,تحديد الطول
@labelSettingHeight,"{""description"": ""설정 화면 키 설정 라벨""}","{""description"": ""설정 화면 키 설정 라벨""}","{""description"": ""설정 화면 키 설정 라벨""}","{""description"": ""설정 화면 키 설정 라벨""}","{""description"": ""설정 화면 키 설정 라벨""}","{""description"": ""설정 화면 키 설정 라벨""}","{""description"": ""설정 화면 키 설정 라벨""}"
labelSettingResetData,Reset Data,Restablecer los datos,Réinitialiser les données,データをリセット,데이터 초기화,Redefinir Dados,إعادة تعيين جميع البيانات
@labelSettingResetData,"{""description"": ""설정 화면 데이터 초기화 라벨""}","{""description"": ""설정 화면 데이터 초기화 라벨""}","{""description"": ""설정 화면 데이터 초기화 라벨""}","{""description"": ""설정 화면 데이터 초기화 라벨""}","{""description"": ""설정 화면 데이터 초기화 라벨""}","{""description"": ""설정 화면 데이터 초기화 라벨""}","{""description"": ""설정 화면 데이터 초기화 라벨""}"
headerSettingHeightDialog,Enter Height,Introducir altura,Saisir la taille,身長設定,키 설정,Introduzir Altura,تحديد الطول
@headerSettingHeightDialog,"{""description"": ""키 설정 다이얼로그 타이틀""}","{""description"": ""키 설정 다이얼로그 타이틀""}","{""description"": ""키 설정 다이얼로그 타이틀""}","{""description"": ""키 설정 다이얼로그 타이틀""}","{""description"": ""키 설정 다이얼로그 타이틀""}","{""description"": ""키 설정 다이얼로그 타이틀""}","{""description"": ""키 설정 다이얼로그 타이틀""}"
headerSettingResetDataDialog,Reset,Restablecer,Réinitialiser,リセット,초기화,Redefinir,إعادة تعيين
@headerSettingResetDataDialog,"{""description"": ""데이터 초기화 다이얼로그 타이틀""}","{""description"": ""데이터 초기화 다이얼로그 타이틀""}","{""description"": ""데이터 초기화 다이얼로그 타이틀""}","{""description"": ""데이터 초기화 다이얼로그 타이틀""}","{""description"": ""데이터 초기화 다이얼로그 타이틀""}","{""description"": ""데이터 초기화 다이얼로그 타이틀""}","{""description"": ""데이터 초기화 다이얼로그 타이틀""}"
contentResetDataDialog,Do you want to delete all records?,¿Desea eliminar todos los registros?,Voulez-vous vraiment supprimer tous les enregistrements ?,本当にすべてのデータを削除しますか？,정말로 모든 데이터를 삭제하실건가요?,Deseja realmente excluir todos os registros?,هل تريد حقًا حذف جميع السجلات؟
@contentResetDataDialog,"{""description"": ""정말로 모든 데이터를 삭제하실건가요? 다이얼로그 내용""}","{""description"": ""정말로 모든 데이터를 삭제하실건가요? 다이얼로그 내용""}","{""description"": ""정말로 모든 데이터를 삭제하실건가요? 다이얼로그 내용""}","{""description"": ""정말로 모든 데이터를 삭제하실건가요? 다이얼로그 내용""}","{""description"": ""정말로 모든 데이터를 삭제하실건가요? 다이얼로그 내용""}","{""description"": ""정말로 모든 데이터를 삭제하실건가요? 다이얼로그 내용""}","{""description"": ""정말로 모든 데이터를 삭제하실건가요? 다이얼로그 내용""}"
labelResetDataDialogReset,Delete,Eliminar,Supprimer,削除,삭제,Excluir,حذف
@labelResetDataDialogReset,"{""description"": ""삭제 버튼 라벨""}","{""description"": ""삭제 버튼 라벨""}","{""description"": ""삭제 버튼 라벨""}","{""description"": ""삭제 버튼 라벨""}","{""description"": ""삭제 버튼 라벨""}","{""description"": ""삭제 버튼 라벨""}","{""description"": ""삭제 버튼 라벨""}"
toastMessageSettingFailedToLoadHeight,Failed to load height,Error al cargar la altura,Échec du chargement de la taille,身長の読み込みに失敗しました,키를 불러오는데 실패했어요,Falha ao carregar altura,فشل في تحميل الطول
@toastMessageSettingFailedToLoadHeight,"{""description"": ""키 불러오기 실패 토스트 메시지""}","{""description"": ""키 불러오기 실패 토스트 메시지""}","{""description"": ""키 불러오기 실패 토스트 메시지""}","{""description"": ""키 불러오기 실패 토스트 메시지""}","{""description"": ""키 불러오기 실패 토스트 메시지""}","{""description"": ""키 불러오기 실패 토스트 메시지""}","{""description"": ""키 불러오기 실패 토스트 메시지""}"
toastMessageSettingSuccessToSetHeight,Height registered successfully,Altura registrada,Taille enregistrée,身長を設定しました,키를 등록했어요,Altura registrada,تم تسجيل الطول بنجاح
@toastMessageSettingSuccessToSetHeight,"{""description"": ""키 등록 성공 토스트 메시지""}","{""description"": ""키 등록 성공 토스트 메시지""}","{""description"": ""키 등록 성공 토스트 메시지""}","{""description"": ""키 등록 성공 토스트 메시지""}","{""description"": ""키 등록 성공 토스트 메시지""}","{""description"": ""키 등록 성공 토스트 메시지""}","{""description"": ""키 등록 성공 토스트 메시지""}"
toastMessageSettingFailedToSetHeight,Failed to register height,Error al registrar la altura,Échec de l'enregistrement de la taille,身長の設定に失敗しました,키를 등록하는데 실패했어요,Falha ao registrar altura,فشل في تسجيل الطول
@toastMessageSettingFailedToSetHeight,"{""description"": ""키 등록 실패 토스트 메시지""}","{""description"": ""키 등록 실패 토스트 메시지""}","{""description"": ""키 등록 실패 토스트 메시지""}","{""description"": ""키 등록 실패 토스트 메시지""}","{""description"": ""키 등록 실패 토스트 메시지""}","{""description"": ""키 등록 실패 토스트 메시지""}","{""description"": ""키 등록 실패 토스트 메시지""}"
toastMessageSettingFailedToEditHeight,Failed to edit height,Error al editar la altura,Échec de la modification de la taille,身長の編集に失敗しました,키를 수정하는데 실패했어요,Falha ao editar altura,فشل في تعديل الطول
@toastMessageSettingFailedToEditHeight,"{""description"": ""키 수정 실패 토스트 메시지""}","{""description"": ""키 수정 실패 토스트 메시지""}","{""description"": ""키 수정 실패 토스트 메시지""}","{""description"": ""키 수정 실패 토스트 메시지""}","{""description"": ""키 수정 실패 토스트 메시지""}","{""description"": ""키 수정 실패 토스트 메시지""}","{""description"": ""키 수정 실패 토스트 메시지""}"
toastMessageSettingSuccessToEditHeight,Height updated successfully,Altura editada,Taille modifiée,身長を編集しました,키를 수정했어요,Altura editada,تم تعديل الطول بنجاح
@toastMessageSettingSuccessToEditHeight,"{""description"": ""키 수정 성공 토스트 메시지""}","{""description"": ""키 수정 성공 토스트 메시지""}","{""description"": ""키 수정 성공 토스트 메시지""}","{""description"": ""키 수정 성공 토스트 메시지""}","{""description"": ""키 수정 성공 토스트 메시지""}","{""description"": ""키 수정 성공 토스트 메시지""}","{""description"": ""키 수정 성공 토스트 메시지""}"
toastMessageSettingSuccessToResetData,Data reset successfully,Datos restablecidos,Données réinitialisées,データをリセットしました,데이터를 초기화했어요,Dados redefinidos,تم إعادة تعيين البيانات بنجاح
@toastMessageSettingSuccessToResetData,"{""description"": ""데이터 초기화 성공 토스트 메시지""}","{""description"": ""데이터 초기화 성공 토스트 메시지""}","{""description"": ""데이터 초기화 성공 토스트 메시지""}","{""description"": ""데이터 초기화 성공 토스트 메시지""}","{""description"": ""데이터 초기화 성공 토스트 메시지""}","{""description"": ""데이터 초기화 성공 토스트 메시지""}","{""description"": ""데이터 초기화 성공 토스트 메시지""}"
toastMessageSettingFailedToResetData,Failed to reset data,Error al restablecer los datos,Échec de la réinitialisation des données,データのリセットに失敗しました,데이터를 초기화하는데 실패했어요,Falha ao redefinir dados,فشل في إعادة تعيين البيانات
@toastMessageSettingFailedToResetData,"{""description"": ""데이터 초기화 실패 토스트 메시지""}","{""description"": ""데이터 초기화 실패 토스트 메시지""}","{""description"": ""데이터 초기화 실패 토스트 메시지""}","{""description"": ""데이터 초기화 실패 토스트 메시지""}","{""description"": ""데이터 초기화 실패 토스트 메시지""}","{""description"": ""데이터 초기화 실패 토스트 메시지""}","{""description"": ""데이터 초기화 실패 토스트 메시지""}"
toastMessageExitApp,Press back again to exit,Presione de nuevo para salir,Appuyez à nouveau pour quitter,もう一度押すとアプリを終了します,한 번 더 누르면 앱을 종료합니다,Pressione novamente para sair,اضغط مرة أخرى للخروج
@toastMessageExitApp,"{""description"": ""앱 종료 토스트 메시지""}","{""description"": ""앱 종료 토스트 메시지""}","{""description"": ""앱 종료 토스트 메시지""}","{""description"": ""앱 종료 토스트 메시지""}","{""description"": ""앱 종료 토스트 메시지""}","{""description"": ""앱 종료 토스트 메시지""}","{""description"": ""앱 종료 토스트 메시지""}"
toastMessageGoBack,Press again to go back,Presiona una vez más para regresar.,Appuyez encore une fois pour revenir en arrière.,もう一度押すと戻ります。,한 번 더 누르면 뒤로 갑니다.,Pressione mais uma vez para voltar.,اضغط مرة أخرى للعودة.
@toastMessageGoBack,"{""description"": ""두번 눌러서 화면 뒤로 가기 안내문구""}","{""description"": ""두번 눌러서 화면 뒤로 가기 안내문구""}","{""description"": ""두번 눌러서 화면 뒤로 가기 안내문구""}","{""description"": ""두번 눌러서 화면 뒤로 가기 안내문구""}","{""description"": ""두번 눌러서 화면 뒤로 가기 안내문구""}","{""description"": ""두번 눌러서 화면 뒤로 가기 안내문구""}","{""description"": ""두번 눌러서 화면 뒤로 가기 안내문구""}"
toastMessageFailedToLoadWeights,Failed to load weights,Error al cargar los pesos,Échec du chargement des poids,体重の読み込みに失敗しました,몸무게 불러오기 실패,Falha ao carregar pesos,فشل في تحميل الأوزان
@toastMessageFailedToLoadWeights,"{""description"": ""몸무게 불러오기 실패 토스트 메시지""}","{""description"": ""몸무게 불러오기 실패 토스트 메시지""}","{""description"": ""몸무게 불러오기 실패 토스트 메시지""}","{""description"": ""몸무게 불러오기 실패 토스트 메시지""}","{""description"": ""몸무게 불러오기 실패 토스트 메시지""}","{""description"": ""몸무게 불러오기 실패 토스트 메시지""}","{""description"": ""몸무게 불러오기 실패 토스트 메시지""}"
labelLabAllowAd,Allow Ads,Permitir anuncios,Autoriser les annonces,広告を許可,광고 허용,Permitir anúncios,السماح بالإعلانات
@labelLabAllowAd,"{""description"": ""Label for enabling ads""}","{""description"": ""Etiqueta para habilitar anuncios""}","{""description"": ""Étiquette pour activer les annonces""}","{""description"": ""広告を有効にするためのラベル""}","{""description"": ""광고 활성화 라벨""}","{""description"": ""Rótulo para ativar anúncios""}","{""description"": ""تسمية تفعيل الإعلانات""}"
bmi 다이얼로그,,,,,,,
bmiMyBMI,My BMI,Mi IMC,Mon IMC,私のBMI,나의 BMI,Meu IMC,مؤشر كتلة الجسم الخاص بي
@bmiMyBMI,"{""description"": ""BMI 다이얼로그 타이틀""}","{""description"": ""BMI 다이얼로그 타이틀""}","{""description"": ""BMI 다이얼로그 타이틀""}","{""description"": ""BMI 다이얼로그 타이틀""}","{""description"": ""BMI 다이얼로그 타이틀""}","{""description"": ""BMI 다이얼로그 타이틀""}","{""description"": ""BMI 다이얼로그 타이틀""}"
bmiClassification,BMI Classification,Clasificación de IMC,Classification IMC,BMI計算基準,BMI 계산 기준,Classificação IMC,تصنيف مؤشر كتلة الجسم
@bmiClassification,"{""description"": ""BMI 등급표 다이얼로그 제목""}","{""description"": ""BMI 등급표 다이얼로그 제목""}","{""description"": ""BMI 등급표 다이얼로그 제목""}","{""description"": ""BMI 등급표 다이얼로그 제목""}","{""description"": ""BMI 등급표 다이얼로그 제목""}","{""description"": ""BMI 등급표 다이얼로그 제목""}","{""description"": ""BMI 등급표 다이얼로그 제목""}"
bmiLessThan,Less than {value},Menos de {value},Moins de {value},{value}未満,{value} 미만,Menos de {value},أقل من {value}
@bmiLessThan,"{""description"": ""BMI Classification"", ""placeholders"": {""value"": {""type"": ""String"", ""example"": ""18.5""}}}","{""description"": ""BMI Classification"", ""placeholders"": {""value"": {""type"": ""String"", ""example"": ""18.5""}}}","{""description"": ""BMI Classification"", ""placeholders"": {""value"": {""type"": ""String"", ""example"": ""18.5""}}}","{""description"": ""BMI Classification"", ""placeholders"": {""value"": {""type"": ""String"", ""example"": ""18.5""}}}","{""description"": ""BMI Classification"", ""placeholders"": {""value"": {""type"": ""String"", ""example"": ""18.5""}}}","{""description"": ""BMI Classification"", ""placeholders"": {""value"": {""type"": ""String"", ""example"": ""18.5""}}}","{""description"": ""BMI Classification"", ""placeholders"": {""value"": {""type"": ""String"", ""example"": ""18.5""}}}"
bmiAbove,{value} and above,{value} o más,{value} ou plus,{value}以上,{value} 이상,{value} ou mais,{value} أو أكثر
@bmiAbove,"{""description"": ""BMI Classification"", ""placeholders"": {""value"": {""type"": ""String"", ""example"": ""30.0""}}}","{""description"": ""BMI Classification"", ""placeholders"": {""value"": {""type"": ""String"", ""example"": ""30.0""}}}","{""description"": ""BMI Classification"", ""placeholders"": {""value"": {""type"": ""String"", ""example"": ""30.0""}}}","{""description"": ""BMI Classification"", ""placeholders"": {""value"": {""type"": ""String"", ""example"": ""30.0""}}}","{""description"": ""BMI Classification"", ""placeholders"": {""value"": {""type"": ""String"", ""example"": ""30.0""}}}","{""description"": ""BMI Classification"", ""placeholders"": {""value"": {""type"": ""String"", ""example"": ""30.0""}}}","{""description"": ""BMI Classification"", ""placeholders"": {""value"": {""type"": ""String"", ""example"": ""30.0""}}}"
일반적 변수,,,,,,,
bmiUnderweight,Underweight,Bajo peso,Insuffisance pondérale,低体重,저체중,Abaixo do peso,نقص الوزن
@bmiUnderweight,"{""description"": ""BMI Classification""}","{""description"": ""BMI Classification""}","{""description"": ""BMI Classification""}","{""description"": ""BMI Classification""}","{""description"": ""BMI Classification""}","{""description"": ""BMI Classification""}","{""description"": ""BMI Classification""}"
bmiNormal,Normal weight,Peso normal,Poids normal,正常体重,정상 체중,Peso normal,وزن طبيعي
@bmiNormal,"{""description"": ""BMI Classification""}","{""description"": ""BMI Classification""}","{""description"": ""BMI Classification""}","{""description"": ""BMI Classification""}","{""description"": ""BMI Classification""}","{""description"": ""BMI Classification""}","{""description"": ""BMI Classification""}"
bmiPreobesity,Pre-obesity,Preobesidad,Surpoids,前肥満,과체중,Pré-obesidade,ما قبل السمنة
@bmiPreobesity,"{""description"": ""BMI Classification""}","{""description"": ""BMI Classification""}","{""description"": ""BMI Classification""}","{""description"": ""BMI Classification""}","{""description"": ""BMI Classification""}","{""description"": ""BMI Classification""}","{""description"": ""BMI Classification""}"
bmiObesityClass1,Obesity class 1,Obesidad clase 1,Obésité classe 1,肥満1度,1단계 비만,Obesidade classe 1,السمنة من الفئة 1
@bmiObesityClass1,"{""description"": ""BMI Classification""}","{""description"": ""BMI Classification""}","{""description"": ""BMI Classification""}","{""description"": ""BMI Classification""}","{""description"": ""BMI Classification""}","{""description"": ""BMI Classification""}","{""description"": ""BMI Classification""}"
bmiObesityClass2,Obesity class 2,Obesidad clase 2,Obésité classe 2,肥満2度,2단계 비만,Obesidade classe 2,السمنة من الفئة 2
@bmiObesityClass2,"{""description"": ""BMI Classification""}","{""description"": ""BMI Classification""}","{""description"": ""BMI Classification""}","{""description"": ""BMI Classification""}","{""description"": ""BMI Classification""}","{""description"": ""BMI Classification""}","{""description"": ""BMI Classification""}"
bmiObesityClass3,Obesity class 3,Obesidad clase 3,Obésité classe 3,肥満3度,3단계 비만,Obesidade classe 3,السمنة من الفئة 3
@bmiObesityClass3,"{""description"": ""BMI Classification""}","{""description"": ""BMI Classification""}","{""description"": ""BMI Classification""}","{""description"": ""BMI Classification""}","{""description"": ""BMI Classification""}","{""description"": ""BMI Classification""}","{""description"": ""BMI Classification""}"
동적 텍스트,,,,,,,
contentRecordWeightDiff,"{diffType, select, increased {{weightDiff}{unit} more than yesterday} decreased {{weightDiff}{unit} less than yesterday} other {same as yesterday}}","{diffType, select, increased {{weightDiff}{unit} más que ayer} decreased {{weightDiff}{unit} menos que ayer} other {igual que ayer}}","{diffType, select, increased {{weightDiff}{unit} de plus qu'hier} decreased {{weightDiff}{unit} de moins qu'hier} other {identique à hier}}","{diffType, select, increased {昨日より+{weightDiff}{unit}} decreased {昨日より-{weightDiff}{unit}} other {昨日と同じ}}","{diffType, select, increased {어제보다 +{weightDiff}{unit}} decreased {어제보다 -{weightDiff}{unit}} other {어제와 같음}}","{diffType, select, increased {{weightDiff}{unit} a mais que ontem} decreased {{weightDiff}{unit} a menos que ontem} other {igual a ontem}}","{diffType, select, increased {{weightDiff}{unit} أكثر من أمس} decreased {{weightDiff}{unit} أقل من أمس} other {مطابق لأمس}}"
@contentRecordWeightDiff,"{""description"": ""어제 기록과 비교한 체중 변화"", ""placeholders"": {""diffType"": {""type"": ""String"", ""example"": ""increased""}, ""weightDiff"": {""type"": ""String"", ""example"": ""1.2""}, ""unit"": {""type"": ""String"", ""example"": ""kg""}}}","{""description"": ""어제 기록과 비교한 체중 변화"", ""placeholders"": {""diffType"": {""type"": ""String"", ""example"": ""increased""}, ""weightDiff"": {""type"": ""String"", ""example"": ""1.2""}, ""unit"": {""type"": ""String"", ""example"": ""kg""}}}","{""description"": ""어제 기록과 비교한 체중 변화"", ""placeholders"": {""diffType"": {""type"": ""String"", ""example"": ""increased""}, ""weightDiff"": {""type"": ""String"", ""example"": ""1.2""}, ""unit"": {""type"": ""String"", ""example"": ""kg""}}}","{""description"": ""어제 기록과 비교한 체중 변화"", ""placeholders"": {""diffType"": {""type"": ""String"", ""example"": ""increased""}, ""weightDiff"": {""type"": ""String"", ""example"": ""1.2""}, ""unit"": {""type"": ""String"", ""example"": ""kg""}}}","{""description"": ""어제 기록과 비교한 체중 변화"", ""placeholders"": {""diffType"": {""type"": ""String"", ""example"": ""increased""}, ""weightDiff"": {""type"": ""String"", ""example"": ""1.2""}, ""unit"": {""type"": ""String"", ""example"": ""kg""}}}","{""description"": ""어제 기록과 비교한 체중 변화"", ""placeholders"": {""diffType"": {""type"": ""String"", ""example"": ""increased""}, ""weightDiff"": {""type"": ""String"", ""example"": ""1.2""}, ""unit"": {""type"": ""String"", ""example"": ""kg""}}}","{""description"": ""어제 기록과 비교한 체중 변화"", ""placeholders"": {""diffType"": {""type"": ""String"", ""example"": ""increased""}, ""weightDiff"": {""type"": ""String"", ""example"": ""1.2""}, ""unit"": {""type"": ""String"", ""example"": ""kg""}}}"
toastMessageValidWeightRange,Range: {from}{unit} to {to}{unit},Rango válido: de {from}{unit} a {to}{unit},Plage valide : {from}{unit} à {to}{unit},設定可能範囲: {from}{unit} - {to}{unit},설정 가능 범위: {from}{unit} - {to}{unit},Faixa válida: de {from}{unit} a {to}{unit},النطاق المسموح به: {from}{unit} - {to}{unit}
@toastMessageValidWeightRange,"{""description"": ""무게 설정 가능 범위"", ""placeholders"": {""from"": {""type"": ""String"", ""example"": ""1.0""}, ""to"": {""type"": ""String"", ""example"": ""100.0""}, ""unit"": {""type"": ""String"", ""example"": ""kg""}}}","{""description"": ""무게 설정 가능 범위"", ""placeholders"": {""from"": {""type"": ""String"", ""example"": ""1.0""}, ""to"": {""type"": ""String"", ""example"": ""100.0""}, ""unit"": {""type"": ""String"", ""example"": ""kg""}}}","{""description"": ""무게 설정 가능 범위"", ""placeholders"": {""from"": {""type"": ""String"", ""example"": ""1.0""}, ""to"": {""type"": ""String"", ""example"": ""100.0""}, ""unit"": {""type"": ""String"", ""example"": ""kg""}}}","{""description"": ""무게 설정 가능 범위"", ""placeholders"": {""from"": {""type"": ""String"", ""example"": ""1.0""}, ""to"": {""type"": ""String"", ""example"": ""100.0""}, ""unit"": {""type"": ""String"", ""example"": ""kg""}}}","{""description"": ""무게 설정 가능 범위"", ""placeholders"": {""from"": {""type"": ""String"", ""example"": ""1.0""}, ""to"": {""type"": ""String"", ""example"": ""100.0""}, ""unit"": {""type"": ""String"", ""example"": ""kg""}}}","{""description"": ""무게 설정 가능 범위"", ""placeholders"": {""from"": {""type"": ""String"", ""example"": ""1.0""}, ""to"": {""type"": ""String"", ""example"": ""100.0""}, ""unit"": {""type"": ""String"", ""example"": ""kg""}}}","{""description"": ""무게 설정 가능 범위"", ""placeholders"": {""from"": {""type"": ""String"", ""example"": ""1.0""}, ""to"": {""type"": ""String"", ""example"": ""100.0""}, ""unit"": {""type"": ""String"", ""example"": ""kg""}}}"
toastMessageMinHeight,Minimum height: {height},La altura debe ser al menos {height},La taille doit être d'au moins {height},身長は{height}以上でなければなりません,키는 {height} 이상이어야해요,A altura deve ser de pelo menos {height},يجب أن يكون الطول على الأقل {height}
@toastMessageMinHeight,"{""description"": ""최소 키 설정 가능 범위"", ""placeholders"": {""height"": {""type"": ""String"", ""example"": ""1.0cm""}}}","{""description"": ""최소 키 설정 가능 범위"", ""placeholders"": {""height"": {""type"": ""String"", ""example"": ""1.0cm""}}}","{""description"": ""최소 키 설정 가능 범위"", ""placeholders"": {""height"": {""type"": ""String"", ""example"": ""1.0cm""}}}","{""description"": ""최소 키 설정 가능 범위"", ""placeholders"": {""height"": {""type"": ""String"", ""example"": ""1.0cm""}}}","{""description"": ""최소 키 설정 가능 범위"", ""placeholders"": {""height"": {""type"": ""String"", ""example"": ""1.0cm""}}}","{""description"": ""최소 키 설정 가능 범위"", ""placeholders"": {""height"": {""type"": ""String"", ""example"": ""1.0cm""}}}","{""description"": ""최소 키 설정 가능 범위"", ""placeholders"": {""height"": {""type"": ""String"", ""example"": ""1.0cm""}}}"
toastMessageMaxHeight,Maximum height: {height},La altura debe ser como máximo {height},La taille doit être d'au plus {height},身長は{height}以下でなければなりません,키는 {height} 이하이어야해요,A altura deve ser no máximo {height},يجب أن يكون الطول على الأكثر {height}
@toastMessageMaxHeight,"{""description"": ""최대 키 설정 가능 범위"", ""placeholders"": {""height"": {""type"": ""String"", ""example"": ""5ft 3in""}}}","{""description"": ""최대 키 설정 가능 범위"", ""placeholders"": {""height"": {""type"": ""String"", ""example"": ""5ft 3in""}}}","{""description"": ""최대 키 설정 가능 범위"", ""placeholders"": {""height"": {""type"": ""String"", ""example"": ""5ft 3in""}}}","{""description"": ""최대 키 설정 가능 범위"", ""placeholders"": {""height"": {""type"": ""String"", ""example"": ""5ft 3in""}}}","{""description"": ""최대 키 설정 가능 범위"", ""placeholders"": {""heightText"": {""type"": ""String"", ""example"": ""5ft 3in""}}}","{""description"": ""최대 키 설정 가능 범위"", ""placeholders"": {""height"": {""type"": ""String"", ""example"": ""5ft 3in""}}}","{""description"": ""최대 키 설정 가능 범위"", ""placeholders"": {""height"": {""type"": ""String"", ""example"": ""5ft 3in""}}}"
후원 기능 업데이트,,,,,,,
toastMessageCantOpenLink,Unable to open the link.,No se puede abrir el enlace.,Impossible d'ouvrir le lien.,リンクを開くことができません。,링크를 열 수 없어요,Não foi possível abrir o link.,لا يمكن فتح الرابط.
@toastMessageCantOpenLink,"{""description"": ""링크 열기 실패 토스트 메시지""}","{""description"": ""링크 열기 실패 토스트 메시지""}","{""description"": ""링크 열기 실패 토스트 메시지""}","{""description"": ""링크 열기 실패 토스트 메시지""}","{""description"": ""링크 열기 실패 토스트 메시지""}","{""description"": ""링크 열기 실패 토스트 메시지""}","{""description"": ""링크 열기 실패 토스트 메시지""}"
labelSettingDonation,Donation,Donación,Don,寄付,후원하기,Doação,الدعم
@labelSettingDonation,"{""description"": ""설정화면 타일 후원하기 화면 이동 타일 라벨""}","{""description"": ""설정화면 타일 후원하기 화면 이동 타일 라벨""}","{""description"": ""설정화면 타일 후원하기 화면 이동 타일 라벨""}","{""description"": ""설정화면 타일 후원하기 화면 이동 타일 라벨""}","{""description"": ""설정화면 타일 후원하기 화면 이동 타일 라벨""}","{""description"": ""설정화면 타일 후원하기 화면 이동 타일 라벨""}","{""description"": ""설정화면 타일 후원하기 화면 이동 타일 라벨""}"
titleDonation,Donate,Donar,Faire un don,寄付する,후원하기,Doar,ادعمنا
@titleDonation,"{""description"": ""후원하기 페이지 제목"", ""placeholders"": {}}","{""description"": ""후원하기 페이지 제목"", ""placeholders"": {}}","{""description"": ""후원하기 페이지 제목"", ""placeholders"": {}}","{""description"": ""후원하기 페이지 제목"", ""placeholders"": {}}","{""description"": ""후원하기 페이지 제목"", ""placeholders"": {}}","{""description"": ""후원하기 페이지 제목"", ""placeholders"": {}}","{""description"": ""후원하기 페이지 제목"", ""placeholders"": {}}"
titleDonatorList,Our Donors,Nuestros Donantes,Nos Donateurs,寄付者の皆様,앱에 도움을 주신 분들,Nossos Doadores,الداعمين للتطبيق
@titleDonatorList,"{""description"": ""앱에 도움을 주신 분들 페이지 제목"", ""placeholders"": {}}","{""description"": ""앱에 도움을 주신 분들 페이지 제목"", ""placeholders"": {}}","{""description"": ""앱에 도움을 주신 분들 페이지 제목"", ""placeholders"": {}}","{""description"": ""앱에 도움을 주신 분들 페이지 제목"", ""placeholders"": {}}","{""description"": ""앱에 도움을 주신 분들 페이지 제목"", ""placeholders"": {}}","{""description"": ""앱에 도움을 주신 분들 페이지 제목"", ""placeholders"": {}}","{""description"": ""앱에 도움을 주신 분들 페이지 제목"", ""placeholders"": {}}"
labelDialogWrite,Write,Escribir,Écrire,作成,작성,Escrever,كتابة
@labelDialogWrite,"{""description"": ""작성 버튼 레이블"", ""placeholders"": {}}","{""description"": ""작성 버튼 레이블"", ""placeholders"": {}}","{""description"": ""작성 버튼 레이블"", ""placeholders"": {}}","{""description"": ""작성 버튼 레이블"", ""placeholders"": {}}","{""description"": ""작성 버튼 레이블"", ""placeholders"": {}}","{""description"": ""작성 버튼 레이블"", ""placeholders"": {}}","{""description"": ""작성 버튼 레이블"", ""placeholders"": {}}"
titleDonationAfterDonated,Write a Message,Dejar un Mensaje,Laisser un Message,メッセージを作成,메시지 작성,Deixar uma Mensagem,اترك رسالة
@titleDonationAfterDonated,"{""description"": ""후원 후 메시지 작성 다이얼로그 제목"", ""placeholders"": {}}","{""description"": ""후원 후 메시지 작성 다이얼로그 제목"", ""placeholders"": {}}","{""description"": ""후원 후 메시지 작성 다이얼로그 제목"", ""placeholders"": {}}","{""description"": ""후원 후 메시지 작성 다이얼로그 제목"", ""placeholders"": {}}","{""description"": ""후원 후 메시지 작성 다이얼로그 제목"", ""placeholders"": {}}","{""description"": ""후원 후 메시지 작성 다이얼로그 제목"", ""placeholders"": {}}","{""description"": ""후원 후 메시지 작성 다이얼로그 제목"", ""placeholders"": {}}"
contentDonationAfterDonated,"Thank you for your support!
Would you like to write a message?","¡Gracias por tu donación!
¿Quieres dejar un mensaje?","Merci pour votre don !
Souhaitez-vous laisser un message ?","寄付ありがとうございます！
メッセージを作成しますか？","후원해주셔서 감사합니다!
메시지를 작성하시곘습니까?","Obrigado pela doação!
Gostaria de deixar uma mensagem?","شكرًا لدعمك!
هل تود ترك رسالة؟"
@contentDonationAfterDonated,"{""description"": ""후원 후 메시지 작성 다이얼로그 내용"", ""placeholders"": {}}","{""description"": ""후원 후 메시지 작성 다이얼로그 내용"", ""placeholders"": {}}","{""description"": ""후원 후 메시지 작성 다이얼로그 내용"", ""placeholders"": {}}","{""description"": ""후원 후 메시지 작성 다이얼로그 내용"", ""placeholders"": {}}","{""description"": ""후원 후 메시지 작성 다이얼로그 내용"", ""placeholders"": {}}","{""description"": ""후원 후 메시지 작성 다이얼로그 내용"", ""placeholders"": {}}","{""description"": ""후원 후 메시지 작성 다이얼로그 내용"", ""placeholders"": {}}"
labelDonationWriteEmptyName,Please enter your name.,"Por favor, introduce tu nombre.",Veuillez entrer votre nom.,名前を入力してください。,이름을 입력해주세요.,"Por favor, insira seu nome.",يرجى إدخال اسمك.
@labelDonationWriteEmptyName,"{""description"": ""이름을 입력해주세요 에러 메시지"", ""placeholders"": {}}","{""description"": ""이름을 입력해주세요 에러 메시지"", ""placeholders"": {}}","{""description"": ""이름을 입력해주세요 에러 메시지"", ""placeholders"": {}}","{""description"": ""이름을 입력해주세요 에러 메시지"", ""placeholders"": {}}","{""description"": ""이름을 입력해주세요 에러 메시지"", ""placeholders"": {}}","{""description"": ""이름을 입력해주세요 에러 메시지"", ""placeholders"": {}}","{""description"": ""이름을 입력해주세요 에러 메시지"", ""placeholders"": {}}"
labelDonationWriteInvalidEmail,Invalid email address.,Dirección de correo electrónico no válida.,Adresse e-mail invalide.,無効なメールアドレスです。,이메일 주소가 올바르지 않습니다.,Endereço de e-mail inválido.,البريد الإلكتروني غير صالح.
@labelDonationWriteInvalidEmail,"{""description"": ""이메일 주소가 올바르지 않습니다 에러 메시지"", ""placeholders"": {}}","{""description"": ""이메일 주소가 올바르지 않습니다 에러 메시지"", ""placeholders"": {}}","{""description"": ""이메일 주소가 올바르지 않습니다 에러 메시지"", ""placeholders"": {}}","{""description"": ""이메일 주소가 올바르지 않습니다 에러 메시지"", ""placeholders"": {}}","{""description"": ""이메일 주소가 올바르지 않습니다 에러 메시지"", ""placeholders"": {}}","{""description"": ""이메일 주소가 올바르지 않습니다 에러 메시지"", ""placeholders"": {}}","{""description"": ""이메일 주소가 올바르지 않습니다 에러 메시지"", ""placeholders"": {}}"
labelDonationWriteEmptyMessage,Please enter a message.,"Por favor, introduce un mensaje.",Veuillez entrer un message.,メッセージを入力してください。,메시지를 입력해주세요.,"Por favor, insira uma mensagem.",يرجى إدخال رسالة.
@labelDonationWriteEmptyMessage,"{""description"": ""메시지를 입력해주세요 에러 메시지"", ""placeholders"": {}}","{""description"": ""메시지를 입력해주세요 에러 메시지"", ""placeholders"": {}}","{""description"": ""메시지를 입력해주세요 에러 메시지"", ""placeholders"": {}}","{""description"": ""메시지를 입력해주세요 에러 메시지"", ""placeholders"": {}}","{""description"": ""메시지를 입력해주세요 에러 메시지"", ""placeholders"": {}}","{""description"": ""메시지를 입력해주세요 에러 메시지"", ""placeholders"": {}}","{""description"": ""메시지를 입력해주세요 에러 메시지"", ""placeholders"": {}}"
labelTimeYears,{year} years,{year} años,{year} ans,{year}年,{year}년,{year} anos,{year} سنة
@labelTimeYears,"{""description"": ""n년을 나타내는 문자열"", ""placeholders"": {""year"": {""type"": ""String"", ""example"": ""1""}}}","{""description"": ""n년을 나타내는 문자열"", ""placeholders"": {""year"": {""type"": ""String"", ""example"": ""1""}}}","{""description"": ""n년을 나타내는 문자열"", ""placeholders"": {""year"": {""type"": ""String"", ""example"": ""1""}}}","{""description"": ""n년을 나타내는 문자열"", ""placeholders"": {""year"": {""type"": ""String"", ""example"": ""1""}}}","{""description"": ""n년을 나타내는 문자열"", ""placeholders"": {""year"": {""type"": ""String"", ""example"": ""1""}}}","{""description"": ""n년을 나타내는 문자열"", ""placeholders"": {""year"": {""type"": ""String"", ""example"": ""1""}}}","{""description"": ""n년을 나타내는 문자열"", ""placeholders"": {""year"": {""type"": ""String"", ""example"": ""1""}}}"
labelTimeMonths,{month} months,{month} meses,{month} mois,{month}ヶ月,{month}개월,{month} meses,{month} شهر
@labelTimeMonths,"{""description"": ""n개월을 나타내는 문자열"", ""placeholders"": {""month"": {""type"": ""String"", ""example"": ""1""}}}","{""description"": ""n개월을 나타내는 문자열"", ""placeholders"": {""month"": {""type"": ""String"", ""example"": ""1""}}}","{""description"": ""n개월을 나타내는 문자열"", ""placeholders"": {""month"": {""type"": ""String"", ""example"": ""1""}}}","{""description"": ""n개월을 나타내는 문자열"", ""placeholders"": {""month"": {""type"": ""String"", ""example"": ""1""}}}","{""description"": ""n개월을 나타내는 문자열"", ""placeholders"": {""month"": {""type"": ""String"", ""example"": ""1""}}}","{""description"": ""n개월을 나타내는 문자열"", ""placeholders"": {""month"": {""type"": ""String"", ""example"": ""1""}}}","{""description"": ""n개월을 나타내는 문자열"", ""placeholders"": {""month"": {""type"": ""String"", ""example"": ""1""}}}"
labelTimeDays,{day} days,{day} días,{day} jours,{day}日,{day}일,{day} dias,{day} يوم
@labelTimeDays,"{""description"": ""n일을 나타내는 문자열"", ""placeholders"": {""day"": {""type"": ""String"", ""example"": ""1""}}}","{""description"": ""n일을 나타내는 문자열"", ""placeholders"": {""day"": {""type"": ""String"", ""example"": ""1""}}}","{""description"": ""n일을 나타내는 문자열"", ""placeholders"": {""day"": {""type"": ""String"", ""example"": ""1""}}}","{""description"": ""n일을 나타내는 문자열"", ""placeholders"": {""day"": {""type"": ""String"", ""example"": ""1""}}}","{""description"": ""n일을 나타내는 문자열"", ""placeholders"": {""day"": {""type"": ""String"", ""example"": ""1""}}}","{""description"": ""n일을 나타내는 문자열"", ""placeholders"": {""day"": {""type"": ""String"", ""example"": ""1""}}}","{""description"": ""n일을 나타내는 문자열"", ""placeholders"": {""day"": {""type"": ""String"", ""example"": ""1""}}}"
labelTimeHours,{hour} hours,{hour} horas,{hour} heures,{hour}時間,{hour}시간,{hour} horas,{hour} ساعة
@labelTimeHours,"{""description"": ""n시간을 나타내는 문자열"", ""placeholders"": {""hour"": {""type"": ""String"", ""example"": ""1""}}}","{""description"": ""n시간을 나타내는 문자열"", ""placeholders"": {""hour"": {""type"": ""String"", ""example"": ""1""}}}","{""description"": ""n시간을 나타내는 문자열"", ""placeholders"": {""hour"": {""type"": ""String"", ""example"": ""1""}}}","{""description"": ""n시간을 나타내는 문자열"", ""placeholders"": {""hour"": {""type"": ""String"", ""example"": ""1""}}}","{""description"": ""n시간을 나타내는 문자열"", ""placeholders"": {""hour"": {""type"": ""String"", ""example"": ""1""}}}","{""description"": ""n시간을 나타내는 문자열"", ""placeholders"": {""hour"": {""type"": ""String"", ""example"": ""1""}}}","{""description"": ""n시간을 나타내는 문자열"", ""placeholders"": {""hour"": {""type"": ""String"", ""example"": ""1""}}}"
labelTimeMinutes,{minute} minutes,{minute} minutos,{minute} minutes,{minute}分,{minute}분,{minute} minutos,{minute} دقيقة
@labelTimeMinutes,"{""description"": ""n분을 나타내는 문자열"", ""placeholders"": {""minute"": {""type"": ""String"", ""example"": ""1""}}}","{""description"": ""n분을 나타내는 문자열"", ""placeholders"": {""minute"": {""type"": ""String"", ""example"": ""1""}}}","{""description"": ""n분을 나타내는 문자열"", ""placeholders"": {""minute"": {""type"": ""String"", ""example"": ""1""}}}","{""description"": ""n분을 나타내는 문자열"", ""placeholders"": {""minute"": {""type"": ""String"", ""example"": ""1""}}}","{""description"": ""n분을 나타내는 문자열"", ""placeholders"": {""minute"": {""type"": ""String"", ""example"": ""1""}}}","{""description"": ""n분을 나타내는 문자열"", ""placeholders"": {""minute"": {""type"": ""String"", ""example"": ""1""}}}","{""description"": ""n분을 나타내는 문자열"", ""placeholders"": {""minute"": {""type"": ""String"", ""example"": ""1""}}}"
labelTimeSeconds,{second} seconds,{second} segundos,{second} secondes,{second}秒,{second}초,{second} segundos,{second} ثانية
@labelTimeSeconds,"{""description"": ""n초를 나타내는 문자열"", ""placeholders"": {""second"": {""type"": ""String"", ""example"": ""1""}}}","{""description"": ""n초를 나타내는 문자열"", ""placeholders"": {""second"": {""type"": ""String"", ""example"": ""1""}}}","{""description"": ""n초를 나타내는 문자열"", ""placeholders"": {""second"": {""type"": ""String"", ""example"": ""1""}}}","{""description"": ""n초를 나타내는 문자열"", ""placeholders"": {""second"": {""type"": ""String"", ""example"": ""1""}}}","{""description"": ""n초를 나타내는 문자열"", ""placeholders"": {""second"": {""type"": ""String"", ""example"": ""1""}}}","{""description"": ""n초를 나타내는 문자열"", ""placeholders"": {""second"": {""type"": ""String"", ""example"": ""1""}}}","{""description"": ""n초를 나타내는 문자열"", ""placeholders"": {""second"": {""type"": ""String"", ""example"": ""1""}}}"
labelTimeAgo,{timeStr} ago,hace {timeStr},il y a {timeStr},{timeStr}前,{timeStr} 전,há {timeStr},منذ {timeStr}
@labelTimeAgo,"{""description"": ""1분전, 10시간 전 등 시간 지남을 나타내는 문자열"", ""placeholders"": {""timeStr"": {""type"": ""String"", ""example"": ""1 minute, 10 hours""}}}","{""description"": ""1분전, 10시간 전 등 시간 지남을 나타내는 문자열"", ""placeholders"": {""timeStr"": {""type"": ""String"", ""example"": ""1 minuto, 10 horas""}}}","{""description"": ""1분전, 10시간 전 등 시간 지남을 나타내는 문자열"", ""placeholders"": {""timeStr"": {""type"": ""String"", ""example"": ""1 minute, 10 heures""}}}","{""description"": ""1분전, 10시간 전 등 시간 지남을 나타내는 문자열"", ""placeholders"": {""timeStr"": {""type"": ""String"", ""example"": ""1分, 10時間""}}}","{""description"": ""1분전, 10시간 전 등 시간 지남을 나타내는 문자열"", ""placeholders"": {""timeStr"": {""type"": ""String"", ""example"": ""1분, 10시간""}}}","{""description"": ""1분전, 10시간 전 등 시간 지남을 나타내는 문자열"", ""placeholders"": {""timeStr"": {""type"": ""String"", ""example"": ""1 minuto, 10 horas""}}}","{""description"": ""1분전, 10시간 전 등 시간 지남을 나타내는 문자열"", ""placeholders"": {""timeStr"": {""type"": ""String"", ""example"": ""1 دقيقة, 10 ساعات""}}}"
labelDonationDonatorName,Donor Name,Nombre del donante,Nom du donateur,寄付者の名前,후원자 이름,Nome do doador,اسم المتبرع
@labelDonationDonatorName,"{""description"": ""후원자의 이름 입력 필드 라벨""}","{""description"": ""후원자의 이름 입력 필드 라벨""}","{""description"": ""후원자의 이름 입력 필드 라벨""}","{""description"": ""후원자의 이름 입력 필드 라벨""}","{""description"": ""후원자의 이름 입력 필드 라벨""}","{""description"": ""후원자의 이름 입력 필드 라벨""}","{""description"": ""후원자의 이름 입력 필드 라벨""}"
labelDonationDonatorEmail,Email,Correo electrónico,E-mail,メール,이메일,E-mail,البريد الإلكتروني
@labelDonationDonatorEmail,"{""description"": ""후원자의 이메일 입력 필드 라벨""}","{""description"": ""후원자의 이메일 입력 필드 라벨""}","{""description"": ""후원자의 이메일 입력 필드 라벨""}","{""description"": ""후원자의 이메일 입력 필드 라벨""}","{""description"": ""후원자의 이메일 입력 필드 라벨""}","{""description"": ""후원자의 이메일 입력 필드 라벨""}","{""description"": ""후원자의 이메일 입력 필드 라벨""}"
labelDonationMessage,Message,Mensaje,Message,メッセージ,메시지 ,Mensagem,رسالة
@labelDonationMessage,"{""description"": ""후원 메시지 입력 필드 라벨""}","{""description"": ""후원 메시지 입력 필드 라벨""}","{""description"": ""후원 메시지 입력 필드 라벨""}","{""description"": ""후원 메시지 입력 필드 라벨""}","{""description"": ""후원 메시지 입력 필드 라벨""}","{""description"": ""후원 메시지 입력 필드 라벨""}","{""description"": ""후원 메시지 입력 필드 라벨""}"
labelDonationDonatorCountry,Select Country,Seleccionar país,Sélectionner le pays,国を選択,국가 선택,Selecionar país,اختر الدولة
@labelDonationDonatorCountry,"{""description"": ""후원자의 국가 선택 라벨""}","{""description"": ""후원자의 국가 선택 라벨""}","{""description"": ""후원자의 국가 선택 라벨""}","{""description"": ""후원자의 국가 선택 라벨""}","{""description"": ""후원자의 국가 선택 라벨""}","{""description"": ""후원자의 국가 선택 라벨""}","{""description"": ""후원자의 국가 선택 라벨""}"
labelTitleAdManage,Ad Management,Gestión de anuncios,Gérer les annonces,広告管理,광고 관리,Gerenciamento de Anúncios,إدارة الإعلانات
@labelTitleAdManage,"{""description"": ""광고 관리 페이지 제목""}","{""description"": ""광고 관리 페이지 제목""}","{""description"": ""광고 관리 페이지 제목""}","{""description"": ""광고 관리 페이지 제목""}","{""description"": ""광고 관리 페이지 제목""}","{""description"": ""광고 관리 페이지 제목""}","{""description"": ""광고 관리 페이지 제목""}"
labelAllowAd,Allow Ads,Permitir anuncios,Autoriser les annonces,広告を許可,광고 허용,Permitir Anúncios,السماح بالإعلان
@labelAllowAd,"{""description"": ""광고 허용 토글 버튼 리스트 제목""}","{""description"": ""광고 허용 토글 버튼 리스트 제목""}","{""description"": ""광고 허용 토글 버튼 리스트 제목""}","{""description"": ""광고 허용 토글 버튼 리스트 제목""}","{""description"": ""광고 허용 토글 버튼 리스트 제목""}","{""description"": ""광고 허용 토글 버튼 리스트 제목""}","{""description"": ""광고 허용 토글 버튼 리스트 제목""}"
descriptionAllosAd,"By enabling each button, banner ads will appear at the bottom of the screen, which greatly supports the development of this app.
We deeply appreciate your kind support.","Al activar cada botón, aparecerán anuncios en la parte inferior de la pantalla, lo cual ayuda enormemente al desarrollo de la aplicación.
Agradecemos de corazón su apoyo.","En activant chaque bouton, des bannières publicitaires apparaîtront en bas de l'écran, contribuant ainsi grandement au développement de l'application.
Nous vous remercions sincèrement pour votre soutien.","各ボタンをオンにすると、画面の下部にバナー広告が表示され、アプリの開発に大きな助けとなります。
ご協力に心より感謝申し上げます。","각 버튼을 켜주시면 화면 하단에 배너 광고가 표시되며, 이는 앱 개발에 큰 힘이 됩니다.
소중한 지원에 감사드립니다.","Ao ativar cada botão, banners de anúncios aparecerão na parte inferior da tela, ajudando muito no desenvolvimento do aplicativo.
Agradecemos imensamente seu apoio.","عند تفعيل كل زر، ستظهر إعلانات بانر في الجزء السفلي من الشاشة، مما يسهم بشكل كبير في تطوير التطبيق.
نشكر لكم دعمكم الكريم من أعماق قلوبنا."
@descriptionAllosAd,"{""description"": ""광고 허용에 대한 설명""}","{""description"": ""광고 허용에 대한 설명""}","{""description"": ""광고 허용에 대한 설명""}","{""description"": ""광고 허용에 대한 설명""}","{""description"": ""광고 허용에 대한 설명""}","{""description"": ""광고 허용에 대한 설명""}","{""description"": ""광고 허용에 대한 설명""}"
